content_id,subject,sentiment_value,sentiment_word,content
XuPwKCnA2fqNh5vm,价格,-1,,欧蓝德，价格便宜，森林人太贵啦！    
2jNbDn85goX3IuPE,价格,0,,楼主什么时候提的车，南昌优惠多少啊
hLgEADQ8sUnvGFK9,价格,0,,吉林，2.5优惠20000，送三年九次保养，贴膜
nZmM7LQsfr03wUaz,价格,0,,便宜2万的豪华特装，实用配制提升，优惠还给力，确实划算。
pwd8MnrthDqLZafe,价格,0,,如果实在想买就等车展期间，优惠2万，我24.98万入的2.5豪
cudSKGTyMLbIt8k3,价格,0,,2.0时尚优惠两万现金吗？还有其他赠品吗？    
U5RMQtopwFzDVxHm,价格,0,,27.5 相比较优惠的少
Kh0ayJjuTrzwPAs1,价格,0,,综合优惠两万，不是现金优惠两万，送的垃圾东西都包含在内.大忽悠.    
YZovRtEAyQJgTi1I,价格,0,,差不多15000左右的优惠    
BeSIAUzoTWH9muYl,价格,1,,恭喜恭喜，这个配置性价比很高
f5UhrHg6Zztl7VWj,价格,0,,换轮胎应当根据个人用车情况选择，里程少的应偏重舒适性，里程多的偏重轮胎的耐磨指标。舒适性好的轮胎，太软、胎噪小不耐磨。耐磨的轮胎，胎噪大，舒适性差。总跑高速的速度指标应当不低于v，城里居多的速度指标可以H级，两者价格差不少。
hNVSLDr06cMsgwfI,价格,0,,除开这四点 森林人还有很多缺点 比如内饰做工廉价感十足 高速上了120噪音大 CVT牺牲驾驶乐趣 后排没有出风口 没有标配四门一键升窗 棒棒糖钥匙等等 不过都不重要 喜欢就好
AWsymeHLSU1f38tT,价格,0,,刹车事关安全，还是去找师傅搞好过，省这钱真没必要。
lQ0N8fd4On7TzcsD,价格,0,,刹车油不贵 一年半就可以换了 我习惯提前点周期换油
cIevXAM5FRp14Nni,价格,0,,这个价位全时四驱就只有斯巴鲁了    
5b2XhIBYPOCfMzcu,价格,0,,广东倒是不担心配件问题，大把拆车件，只要车架好，发动机变速箱总成都可以搞到，大不了换，也就四千多块钱    
tcPLeKdDrkYG1394,价格,0,,欧蓝德超值，森林人基本没啥性价比，买森的基本就是喜欢你就不考虑性价比。
QRw7ngTJ2A5CYBGW,价格,1,,途观加95油耗比小森高点，保养差不多，后期维修比小森便宜点，没事故基本问题都不大，小森是全时四驱，31以内唯一，全时和适时有区别，途观做工更扎实一些，如果在北方小森很有优势，不论什么路面，雨雪天气，安全系数高出很多，操控没的说，虽然途观更舒适，但各方面考虑小森没毛病。
06vPIQBqVNe2dl3f,价格,1,,途观加95油耗比小森高点，保养差不多，后期维修比小森便宜点，没事故基本问题都不大，小森是全时四驱，32以内唯一，全时和适时有区别，途观做工更扎实一些，如果在北方小森很有优势，不论什么路面，雨雪天气，安全系数高出很多，操控没的说，虽然途观更舒适，但各方面考虑小森没毛病。
BDoeHPlCiNVXEvrg,价格,0,,要么换车，老款没有了就相同优惠提新款。要么退款。
cBMxouh5FEnz36DI,价格,0,,2.0时尚加装一万装潢落地26裸车没算优惠多少    
8Hdtp2WE6nMf93YP,价格,0,,2.0动力就够用，别上2.5，性价比太低了，乞丐版性价比最高，自己换个氙气大灯，完美！
ELck8IARbwdpgvri,价格,0,,你好，这个价格还是不错的，公里数也是正常，买回来以后注意汽车的保养就可以了，一般都是更换全车油水，检查一下车况！然后按正常使用就可以了
rM6sP4AXpCfNc7xR,价格,0,,搞活动订的，优惠13000，送两年保养    
vdWmiISbRku1Cl3J,价格,0,,谈价格，是要有点技巧的，可以，提前，做点功课，销售员，每天见得人多了，各种各样的人，所以，他们很会套路。
HAVTYESJNfjlZ9iM,价格,0,,庞大再不降价八万，斯巴鲁在国内连一万量也卖不出去了    
Mglj9pKWkY7Isixm,价格,1,,你这个916WS导航买的不便宜吧！现在的9016S便宜得多，打算多少出？   
g27EQ5F4bMjSp9qc,价格,0,,2年前江苏盐城4S店就是优惠现金2万以上啊?为什么不可能？   
tka3Nq9TAR5BH7Ij,价格,0,,斯巴鲁2014款之后就不是高田气囊 。   丰田刹不住是脚垫卡住  。   你三菱爸爸刹车失灵是真的坏了却还嘴硬  。   我不愿意被日本人干死但是也不愿意被无良国产干死，感觉你好像很愿意被干死？  。   而且你爸爸三菱不是日本鬼子？你好好笑哦~你个马甲连灵魂都没有只能卖智商价格还低一吨几毛钱    
gsiR7FHy5YndmTXK,价格,0,,这个价格贵吗？相对合资车比较，应该差不差不多吧。不能喝BBA比。   
Mj9ZO61VWTefml7z,价格,0,,我的也是12款2.0自豪，才跑了四万多公里，一胎扎了钉子频频慢撒气，一胎侧壁被破山石划伤，但未伤到筋，为安全起见，上月去朋友的轮胎店，按朋友推荐换了两条耐特通轮胎，215/65R16，98V，每条优惠价750，放前面，感觉比原车普利司通胎稍硬些，还行。
zXPLFe5Sqvc06RuG,价格,0,,我个人觉得不是空间问题。只是更喜欢森林人外观。xv不太喜欢。但是价钱上面很是喜欢……我对空间没什么要求，平时也就一个人开开，驾驶员位置肯定没什么问题的，任何一辆车    
O7j9h8MaymUvVAtT,价格,0,,在价格相差不大的情况下，能选新款的选新款，毕竟很多小功能方面的提升，还有18款的国4，16款的是国3（国4），看到时候车管所承认哪个标准
rsPHOp7WeK2uYgb6,价格,0,,10年307 1.6手排车主表示2.0够了 正准备下手老款 因为优惠大
ikqn9SVU1dDFeYpb,价格,0,,2.0和2.5和钱没有关系，当初试驾2.5到付钱的时候选择2.0，都是自吸，想选择动力好加T就可以了，13年开到现在，在路上没有感觉动力差，高速只能跑120。只要不考虑油耗，不怕违章，动力也是很强劲。
EreqkWG8o357Htdh,价格,0,,优惠了5000 上牌1500 贷款1000   
UWDsRXma9t6FpxKo,价格,1,,买雷诺 新产品 样子好看还便宜
x4fpOqR6sUiClheE,价格,0,,别纠结，我们无锡这儿首保就是0w-20的机油，我还想贴钱换5w-30呢！个人认为0-20太稀了！    
jMWAIfyUN3sqTovd,价格,0,,成都，优惠是我16款的，18款的优惠我不晓得有好多    
ZbGpiu1Q9vEkHaVJ,价格,0,,你在4S店买保险他们能拿30左右的返点，比如一万 他们提三千，肯定是希望你在4S店买啊，你要谈价钱说不在店里上保险 优惠就会打折，如果要是谈完了，你不在店里买，那他们就觉得优惠给你多了，他们没利润
q8mnYHr6vAKoTOx9,价格,0,,想不明白你这种问题，钱宽裕的话肯定2.5啊，难道买2.5都傻子？我是2.5低配，我认为区别就在于，第一，满载下影响动力小，第二，油耗高一点，也就一个油。这点应该不难选择
guCoQmIawZqz374R,价格,-1,,网上的一些口碑好的，专营一种机油的，靠谱一点。自己买配件，到修理店去保养确实便宜多了。修理店的工时费也很便宜
T40PlF3fkStJdIx9,价格,0,,2.0T卖的少是因为那个价格可以买更高一个级别的车了。30多万选择太多了，一般不会选斯巴鲁了。
p8SCmcxyB1aeOTYG,价格,0,,我青岛的，在合肥提的车，优惠2万零500
Dj6R3K2iLuEtUnWG,价格,0,,第一个灰桶最好 新日石引能仕换标 安索嘛 加签名版才有点效果 总体不错 但是性价比一般 第三个白桶 是庞大系4s的出光机油 总体也还行 但是货源比较混乱
sJlZXtVAdKeq0gha,价格,0,,新款配置高，老款优惠大，看你喜欢配置还是价格
YUG1zybnqjSDmZkJ,价格,0,,crv全世界销量都很好，满足了，空间大，故障率低、维护成本低、最新一代四驱系统有加强，（但雨雪、湿滑路面一样不行）。国外的车辆主要贵在维修、保养（人工费很高）。    
Ht7R0SnZMEV1eD6Q,价格,0,,选中2.0而没有买其他配置的原因很多，回过头来，即使今天让我重新选择，我还是会选这个配置，觉得性价比更高一点。另外，你说的高配，并不包含灯光系统，2.5排量以上的森林人用的是LED灯，厂家和改装厂吹嘘LED是高端灯光，个人觉得，这完全是忽悠老百姓，LED发光原理决定了它不适用汽车照明。    
xsReYtP7VfJjdhSF,价格,0,,说难听点老款车、库存车、凡是不好卖的车款，加几个破壁配置 就出来了特装、纪念、专供等等，这样还能卖一阵！有的则是部分原车款给减配了卖，简配下来的配件过上几个月，车开始掉价了利润少了，那再加上这些简下来的配件，恢复原款配置，就成了特装款，车架还是原价......里外里就是坑 就是挣你钱！特装是中国经销商搞出来的四不像！
goKCk8Rb1pX9WMHm,价格,0,,不是特别纠结配置(如:一键启动、LED转向大灯、电尾)，不经常长途拔涉的话，不建议改单。因为:首先改单会遭4S抬价，再者2.0时尚是销量王，尾翼和18寸轮毂很拉风。    
8ijAZKYdwx5BXeEz,价格,0,,森林人油耗都不高，很经济，。只是我觉得2.0L配置够用了，节约下来的银子够开2年的汽油钱了。     
CmpW4Xv207JquMt1,价格,0,,楼主好！我也订了和你一样的特装版颜色内饰相同。怎么合同上写2016款2.5特装，而不是2017年的？要到6月才交车，价优恵1．5W被强要再买5K装饰，贵吗？到时有厂家送的3K装饰共8K买，什么装饰？车友们有好的建议吗？
oX1pJ3yMtIaOcNWA,价格,0,,南方经销商大部分不是庞大。号外，原来16款2.5尊贵就是有黑和棕2个内饰可选的，自己换装不是加大成本么。
j32vz0EsGwWqnPyX,价格,0,,价格有点贵，跟我顶配价格差不多。不过买了就好好享受。
auH2N6r5nbFAiIpd,价格,-1,,我看傲虎论坛里有换远光LED的，是leda 02型号的。价格比PIAA便宜，我准备在日本买，这样品质能保证是真的
ZwRt05lCQKhTJvP1,价格,0,,有意就是价格有点高了 最近一直关注2.5t的森林人 想把自己的老3系出掉换个se 楼主可否迟点出啊 留给我
h1EMXCOJgZmAU6Pz,价格,0,,去看下探界者吧，侧面和发现神行很像，北美销量前五的suv，销量排在斯巴鲁众多suv的前面，国产后价格又不贵，发动机参数完爆森林人和傲虎，还配6at和9at，上汽通用造，不说很好但也不至于很差吧，除了四驱应该没什么地方比森林人差的
9f1boRZ3OC74gtX0,价格,0,,长城1.5T这个发动机，似乎听不止一个车评人吐槽过动力不够。有人甚至说上坡都会因为动力不够熄火（手排），不知道是不是真的。为什么不试试新H6的2.0T，价格肯定比森林人低。
fqWAnpjt7x4uRYCX,价格,0,,兄弟，你的裸车价格怎么谈下来的，交流一下吧
SpPEa8nQWH6hlFNu,价格,0,,其实同样的价格老途观豪华版更好，新途观太丑了，还贵
5JBfIwshEo6tUk7K,价格,0,,正应要爬坡上坎所以才要选个动力好点的，森林人哪动力简质不忍直视，不要说XT，哪价位选择的太多了   
cVlv8HZPjB6m4y75,价格,0,,听老婆的吧。老婆满意，生活才能和谐。两个观点供您参考：1.一分钱一分货2.空间多大是个大呢？我193，感觉森林人空间足够足够了，简直就是浪费…哈哈
e2ATqS3JlL7ob1zy,价格,0,,整整一年，2016款尊贵2.5，总里程2.5万公里，表显综合油耗7.5。上下班路况好，红绿灯少。   
SodBsCOQX81g9npP,价格,0,,差不多价格，你定了什么样式的？    
BcEzqdb6HlyGae17,价格,0,,价格贵，进口车直接带来的问题就是这个。
Evg7IudDBGn42btA,价格,-1,,4 S和保险就贵，自费的就不贵。比如空调虑，店里150，自己买40，比如保养一般只有机油，4S 会加很多不必的东西，你不懂的话会超1000，再就是多少才叫贵？正常的保养600左右。至于配件，我认为20万的车价格不能和10万的车比，也不能和BBA 比
iqfN9xbm4kestrQn,价格,0,,那CRV吧，质量稳定，空间足够，价格又不贵，二手也好出，长三角地区治安不错，不用过多考虑本田车容易被盗的问题。城市里用CRV真心是很好的选择。   
gC1Viv9aXJSpjnRU,价格,0,,第一，这个东西不会影响散热。第二，这个东西，会保护一点，但不会特别牛逼，越轻越韧越好，它主要作用是整流，只有奔驰G那个镁合金的才是真正保护的。铝合金就行，如果太硬的，怕真变形的时候把你发动机螺丝孔也弄坏。铝合金还不生锈，而且价格也不高    
RP7kyNVaSbjedXzn,价格,0,,虽然森林人在同价位SUV中不输其他同级对手，但是跟上面这几个车比，无论从哪方面比都是自取其辱，除了操控可能比普拉多好点外，其他方面随便一台都秒杀森林人。一分钱一分货啊   
2mpYHKbezMT4aRD1,价格,0,,自己想了好久了，终于有人实现了，求价格，求效果图
kP3rhzZJTtsldbUR,价格,0,,价格差不多，就是北京4s没有一升的机油，都是大桶的
gEiv0n4qTj1MPUuF,价格,0,,武汉的4s店真是黑，换一个都要1200块。以后准备自己保养了，4s店少，价格又黑
JgOyYlvReIxEoCGU,价格,0,,钱够直接2T，不过话说回来这笔够得上其他更好的了。。。 2.5算了吧，这代FB发动机的毛病不是装个机油冷却就根治的，坛子里搜看车主的帖子。遇上了糟心，问题是概率还不小。。。
vZJH7btSIYN6jkXC,价格,0,,主要对发动机好点，想开10多年，用好点油没错的，价格和4s差不多    
JUISr7g514Y8VEoj,价格,0,,基础版价格对比，美国是森林人便宜，德国、英国、法国都是CRV便宜，德、法作为欧盟邻国居然差价这么多，法国基础版折合人民币24万6了，跟天朝一样坑，难道税费差异很大?
yC3afKYxGScuBvmE,价格,0,,如果预算够绝对2.0T，当时由于等的太久，提了尊贵！后劲感觉动力一般！
nEV4Xq8QmFIWDsSf,价格,0,,价格不高。比我早两年，里程差不多，这个价我绝对不卖
qi9FRgkn70yJhV8d,价格,0,,昨天试驾了探界者，操控不错，悬架也是运动偏硬，1.5 t的新车价格和新款二手森林人还便宜些。还是情怀啊！
FnxNHYEG7VKrLpjO,价格,0,,09-12款都合适，价格800元物流到付   
C0iG5Nud48OmX2Pk,价格,0,,你再仔细看清楚，20万这个价格。    
RjfU4HnaO0KSzlpC,价格,0,,我也是买的09年的，建议楼主车况好价格合适可以买
m4Ps7aIlUHdNQ96D,价格,0,,我记得以前换的机油是从日本进口的贴斯巴鲁标的，关键是它换的这个唐山市的机油价格还和原来的一样，我觉得这里面有问题！
WaPyGLwQE0izcMd1,价格,0,,不知道有什么不好，也许也正常吧。正品价格买的是库存车，多少有点故意下坑的感觉吧。    
FHdO4pZhf95D8bzi,价格,0,,价格差不多明显车要好不少    
9OS84ZmRFWL6nu17,价格,0,,全险，礼品确实能要不少，前后杠 地护板 底盘装甲 侧踏 脚垫。可是这些我觉得都没有用，也不喜欢，要换成价格优惠，他不同意。    
pgfSJHQPcouasvLX,价格,0,,好的，谢谢各位的意见！4S店都这么垃圾，以后就没必要去照顾它的生意了，自己在外面花钱买品牌油换，照顾一下朋友的汽修厂，还有个人情。以前是觉得换的是斯巴鲁认可的油，应该是最适合斯巴鲁的发动机的，所以一直都在4S店保养。现在看来就不用了，4S店自己要把自己作死的。忘了告诉你们，我说的是贵阳的4S店，有贵阳的车友需要注意一下！
iPvq0uXhLj4zp6V1,价格,0,,这未必，被撞的一方就取决于被动安全了，斯巴鲁相比同级别的车属于安全的，但被一些自重比他更大，离地更高，有大梁的非同级别车就不能参照碰撞测试的成绩了，只是我觉得为了相对安全舍弃掉更多的选择性和性价比有些划不来    
wIhbC0s3jmGKW8at,价格,0,,看看路虎发现神行吧，SE版（官价40.8万）现在裸车都二十八九万了，好歹2.0T，9AT，动力和变速箱都比2.5 CVT的森林人好，四驱也很强，离地间隙220，品牌还能***。    
2WAtqCpk3EHsYNLG,价格,0,,还保持这个价格继续销量下滑是一定的。下半年要出的suv太多了，现在国产排量又不确定，有部分会冲动消费的，利用等车这三个月肯定移情别恋了。既然是换代车，就早点出来抢一波，搞不懂。    
Lxkirv1mpWqPR4SD,价格,0,,傲虎好一些，适合旅行出去玩，舒适度，油耗，后期使用成本低。正常保养的话，费用也不多不到六百块钱！傲虎有轿车舒适度和越野车底盘
ECRjsnbiIY74PpDO,价格,0,,建议你在汽车之家的口碑里面看看当地的车友的价格，价格会随市场不同时间变化的，不同地区价格也不一样，你可以去看看汽车之家的此款车的详情页面里面的当地的报价。当然，这个报价基本上是比较虚的，需要捆绑销售的。
wDxEtaUH3zLoPAI2,价格,0,,最近一直在研究森林人，论坛反应确实2.5烧机油啊，大部分5万公理开始烧，好像有的反应3000公里烧2升....悲剧....价格比2.0贵好几万，还多出来个大毛病   
OBd3i7fxTRQSL81h,价格,0,,比南京价格好多了，南京全款时尚落地25.5
cD9s48BbWiwykgU3,价格,0,,布雷博 18Z前6后4刹车什么成色？能拍个照片看看吗？什么价格？   
4IONEgTitCLGye9Z,价格,0,,20万公里的车，我建议不要买，就是6万你买了修起来很麻烦，关键你大修了绝对不如没有修过的，cvt变速箱的使用极限也到了，09年的车10万公里左右，8万左右的价格还行，不需要大修，好好保养一下就可以了，车况好9万左右也值
OSwysxEp1KTU4ZGV,价格,0,,如果只推出2.5和2.0混动，混动版肯定比2.5的要贵，然后混动的动力还不如2.5的，你觉得有几个人会买混动版？然后没有了2.0自吸车型，全系的起步价上升了，又损失一部分低预算的客户，推出2.0混动和2.5，斯巴鲁的脑子才进水了呢！    
KY8LH4SCnWqD5d7j,价格,0,,如果我没记错的话10年左右的就是三代森林人貌似是没有2.0T的，2.5T的车那个油耗要有心理准备，13个油左右，估计再轻柔的开法都要12左右，最后如果是XT的素车价格9-11万左右吧，具体还是要看车况，别太care过户次数和公里数，这个年份的车只要车况好就行了，SE估计有点难求
xjSBDmyXaifbcCKA,价格,0,,会有什么不一样呢？可以详细描述一下吗？价格和牌子是什么情况呢？    
WL6HsMEi3kNXjbwQ,价格,0,,估计2.5排量烧机油的问题解决不了吧？～如果2.0混动开着加速不比2.5差，价格一样或者低点，油耗也下降，我觉的还好
Yry8UHfBKa0jsEJD,价格,1,,原因是价格和油耗嘛？奥迪a6现在只有一款全时    
FVsOCzBcxbwJh2T8,价格,1,,这个价格是4S的价格，还是外面换的价格，我看上海有修变速箱的，论坛里   
iVy9LYUc8HeQ0sdF,价格,0,,扯淡吧，我就是刚提的ES；老款最低配都做不到这个价格。。。。。还18款次顶配！
UAecLQb5yPFEoSuj,价格,0,,都可以装的 价格每个地区都不一样    
wB1jPZH8753R4lJk,价格,-1,,因为价格虚高，配件贵，保养贵，没有豪华感，国内又是重视外观不重视内在，所以保值低
X7lts6RbF4eO2LhN,价格,0,,挺保值啊，别卖给贩子，遇上合适的人，二手市场森林人价格都挺高，我看过
JuzNxctnG7QbFKso,价格,0,,前三年 每年大约折价10%   还得赔上保险啥的  不合算
m6FcX2ICDUNGRqnw,价格,0,,兄弟坐标哪 裸车价多少？谢谢
Sv7PqgH5IRpQst3W,价格,0,,加我好友发价格，我加不了你    
bEKPlxQCA4pcwHNU,价格,0,,这种不烧机油的车斯巴鲁应该高价回收，买回去好好研究一下改进以后的    
KAGgiNr3WmDIoyeJ,价格,0,,就是壳牌和鹏斯配方都是一样的东西都是一样的 想试试壳牌020就试试pup 020就可以了 六七十块钱一瓶 价格合适    
mebpq27hozx0Hv4a,价格,0,,没必要要四儿子店装啊，价格离谱    
MR0mcoHQrWXFqJAU,价格,0,,确实，2.0T落地都要36，37了，对这个价位的车来说，五万不是个小数目，36万说不定会咬牙上其他车了    
pXrRtj4S6EHLeuGJ,价格,0,,麻烦问下，当时给你最低价是14整吗   
IdusAw5VFOpLztJ4,价格,0,,买这车不图面子……同价位的话除去BBA不谈，atsl、es、q50l都挺好的
EDjrVy06wW1QKsCn,价格,0,,82年的苦逼孩子。15年眼看着要破产了心一横脚一顿，换个新车吧，别钱没了新车也没得开了。于是怒提2.5豪华，然后没三个月，特装版加量不加价的上市了……一台没有中控大屏的小森，承受了多少鄙视的白眼。
z8GLtQDSY7ewo2Rx,价格,0,,价格不错，10款2.5市区油耗11升左右，时速不超120高速公路油耗8升左右。合成机油10000一换就可以。
yYz7M2WaHrZgXhuc,价格,0,,11年，车况没问题，基本就那个价格。但是公里数一定不对，估计得在4前面加一个1
IoC4kMGmBzZLvabl,价格,0,,哈哈，顺风快递！！！！！！ 楼主座椅是什么牌子，多少钱？
gCVavlsY0mF25dzR,价格,0,,这个标注是原厂进口的原液，估计能比国内分装的好点，求个心理安慰，关键是活动时候价钱不贵   
ZXJDu2QoKyFcantL,价格,0,,瞎不瞎也请注意用词礼貌，傲虎几次试驾，觉得坐姿矮了，森林人坐姿高一些。不太建议傲虎，30~40万这个价位，可选太多。    
WmHgCXdOIslED5NQ,价格,0,,不过你这车型我还没有看。问一下，你这没加装前，车子带有自动折叠吗？是那种按按钮的。不是停车就自动折叠起来的。如果只是一个折叠模块，那么价格就贵多了。一般一个折叠模块就100/300块左右    
iqkfESIHX5hjN1B0,价格,0,,这个价格有点虚，仔细看车况！
21BHMtZ3lbmzvYWI,价格,0,,太贵了，变速箱1500左右，后桥换油250元
2vSQnRuZdGO1MFUi,价格,0,,简单咨询了一下，好像可以修复，就是价格很贵，鲨鱼pi报价的1500！另外都说斯巴鲁的漆不容易吸，因为吸盘上去就可能破坏漆面，倒也不是日本车漆软偷工减料，可能是太讲究环保用的料不一样。总之1500好贵了。。。   
utZCnePpvXOERx5L,价格,0,,有优惠吗？2.0的没上吗？   
DV9qcNmIg8O1vFHY,价格,0,,同是杭州的，问价格、有无加热条？
jBqdNvYz46f9SiUA,价格,0,,力度可以了 我只现金优惠1W
CiKS6BEcV9txNe8F,价格,0,,价格也会提高，反正我今天提车，侧方视频应该可以加原装了。
aWVobSZ95j2gydMQ,价格,0,,喜欢哪个样子选哪个。能喜欢森林人的朋友应该不会喜欢昂科威……喜欢森林人的朋友也不会考虑性价比……爱就爱他的全部 包括缺点
HPR0bSL3CZhuXiNF,价格,0,,熊猫车贴 会员证可以免费获者优惠进全国31个自然保护区，不提4s是不会告诉你的     
92GLtM6NPu0CQlbq,价格,0,,耐心些，小火炖肉才入味。我对贵了1万3的鹰眼无感(当然指导价贵个3~5千可以考虑)。     
u6Y8DSB7nZWlgJNv,价格,0,,已经定了就不要去纠结价格了，好好享受吧，价格适中。
TcW1r3peXbjy7mEd,价格,0,,价格正常，在广州那么多拆车件，有点小问题修起来也不贵。楼上说的发动机，变速箱，涡轮都是好的就没事。
t6nfBVjDOw9vxmqr,价格,0,,爽了吧，爽了就得付出代价，越野都得付出
7vM2TIJH9Qbe5qcN,价格,0,,q3我也去试驾过，试了前驱的，空间比森小，视野不及森，动力1.5t的还算不错。不过价格去到24万多的裸车，而且是国产的，味道有点难接受。bba的国产车品牌溢价太多了。个人感觉。    
X9tW1vklqjHU20yp,价格,0,,这个东西就是受制于成本，森原厂的定位不高。本田以前的车门也不咋的，冠道那价格上去了你看它就完全不一样。钱给到了不仅材料连制造方法也完全不一样。
4E9Ahb80ecm1LMUQ,价格,0,,山东价格很死，新款优惠力度很小，老款性价比高，可能2w
wDhOp9q0JeCAod2G,价格,0,,刚从4s回来，现金优惠1万，17特装。新款还没消息啊    
7ieCQ419O6jBvbWk,价格,0,,我关注的是2.0的，不知道2.5的情况，不过花园路那家今天到了一大批车，有空一起去搞价，我不擅长搞价    
8tWqrNif2d1vn3yc,价格,0,,能换还是换吧，梁变形了即便再怎么矫正防撞能力也没以前好了，而且当二手车卖也容易被砍价。
S9nuf83qIRJ0C16c,价格,0,,北京的价格不如外地的价格，最近我问的都没优惠。
Bf2kUCiYsx8zVuKZ,价格,0,,2.5的低配性价比相对来说还可以，优惠1.5万办下来也得28万，这个价位确实可以考虑的车型太多了。    
pQmLUbXGln3RJjxE,价格,0,,cvt的代价就是加速不给力
TF1dEg2cpsnyC9N8,价格,-1,,价格贵，配件也贵，保险也贵，这个就是斯巴鲁的缺点，别的没毛病！
RCEkxf7X04bpOIwa,价格,0,,premium性价比挺高的，如果对真皮座椅没需求的话。新平台出来的车真不建议买前两年的，谁知道会出什么幺蛾子，等两三年买成熟版本的是真的，一个机头真不碍事，好开省心才是正事。
I5yzgdLlFQDfnRpC,价格,0,,要是真像你说的斯巴鲁就不是现在这个价格了，水平对置发动机全时四驱的成本不会太低，而且买他的人绝对不会在意他的内饰。
QstBTHJ6o7UXY9vy,价格,0,,买车还得看在哪个省份，地区不一样价格也不一样！
nZ56RpHemMzEYCVd,价格,0,,可以考虑一下仕联达隐藏式行车记录仪，价格不贵，性价比高。安装后看不到接线。我就是装的这个品牌的。淘宝有旗舰店，可以咨询一下。
8SLQhgEHsDZiY0G3,价格,0,,XT是精髓不差油就行！！！注意下是否烧机油漏机油大保养做没减震挺贵的也要看下还有正时和水泵还有空调是否有漏
Qi3VU1KWJEP8egYC,价格,0,,好车，可惜的是无价。极度痴迷者可能会考虑毕竟20万都能买新车了。华这价格买一台7年的车内心必须无比狂热
Sow4k2ylRDgvFm3f,价格,0,,冬天9个油，夏天7个油的路过。这个价格夏天肯定破1000公里了
dTsLzOxYeA8yNCBh,价格,0,,楼主一上来就问价格了，但是修理工回答一会查电脑，店家都不敢公示价格，爱修不修。
Zz9IUVhrQgJqeGv7,价格,0,,说实话，作为车主，这两款车都不推荐，性价比太低，品控一般，主要作为三大件之一的发动机，不抗造，烧机油风险极大
6i0Rzsv4pVEHkXM9,价格,0,,感觉如果庞大真心想清库存的话，斯巴鲁的车还是好卖的，很多人不买斯巴鲁就是价格原因而已
6OdjnoPyKUQaDv31,价格,0,,超过五百人民币就是很黑的价格了。山寨印上去的，4S找小厂定做的便宜货。鉴定完毕。
PkoMaELQGUmgFwT4,价格,0,,嗯，是的。还得买18款啊，我就弄个2.0i的就行我们这没有豪华导航，只有时尚导航，豪华的4S从来也不进货，攒钱吧，25万。。。
SNJBxVqDgp9vAKTr,价格,-1,,那个东西成本很高的，新款没有算是偷工减料了。森本来就主打操控，平衡是卖点，省掉确实不应该。你看看淘宝上老森和新森够避震的价格，差很多。
ilVBrAke3EZMUyPt,价格,0,,同平台理论上四驱肯定比两驱费油，但是带来的驾驶感受和安全性，还是值那点油钱
R9X0n8kExU7IDWC4,价格,0,,如果家里不止你一个人开，而且还有新手，那就比较有用了，不光保护别人，还能保护车。当初4s自己配了一款外观和2.5尊贵es一模一样的（獠牙杠，黑尾翼，黑后视镜的），只是不带es，有的店有，有的没有
3Cw8jkALXivOMqfx,价格,0,,想请教下，森林人动力数据不是很高，车身自重一吨半了，那么加速是不是很肉？比如高速上120公里时速超车的时候感觉怎么样？确实一直说斯巴鲁配件贵保养贵，但是我想进口车应该质量可以，不容易换件的吧？想了解下坛子里有用车几年的老鸟说一下解一下惑，谢谢！另成都4S我去了两家，销售爱理不理高高在上（一家是在机场高速附近，另一家不记得了），是否4S态度都这样？
gzYnU9GOx2B3TFla,价格,0,,嗯嗯，全系标配该有的都有了，就是不知道价格会不会提高，新车上市没有了优惠    
s27vTZQLJUfh5mkA,价格,0,,不知道何时上市！价格估计30没法落地！来个2.0es我觉得蛮适合我
iUbCNmvynucYRj5X,价格,0,,佛山几个汽配城都有斯巴鲁专修的。价格还平宜。上我车气缸盖也有一点点漏。问了要吊发动机。价格好像六佰多。   
2UBZ7gjF0de9SRWc,价格,0,,这个不好说，特价车相对来说估计买的人要多点的，毕竟价格是一个优势的
cSAgX960KizLGv1e,价格,0,,你的价格都好像都是当时的购买价格吧。。现在什么价格出
wKQIg3OYrmpie2nT,价格,0,,谢谢您细致的答复 ，目前所在地是江苏，不知道这个价格相对于降了关税后到底是高了，还是可以入手？既然是购买这个2.0乞丐版的，肯定是预算有限的， 所以还是希望能够得到相对接近的区间价格反馈。     
ldP5hcgTAKWfBbGJ,价格,0,,哪有那么贵，我换一次只要５升，不到５００，买了６升，多的一升是准备拿给发动机烧的。   
EXSrYLdzcQvjyT74,价格,0,,"1、N档间隙性微抖动每辆车都有。2、前几箱油油耗较高(特别第一箱)，没多久就会降下来了。3、我用的闪迪U盘，便宜小巧，""酷我""下的mp3一直好用。"
4SNleaZoPbsivAJE,价格,0,,品牌小众，内饰用料差，这两点都与大多国人的要求不符，维修费用高（虽说一般不坏）。
NeHxKWiUoZbQD9rl,价格,0,,能和老美比？斯巴鲁在老美那边有完善的售后服务，有和竞品一样的价格，斯巴鲁中国有吗？    
4Gu5FCl1ypm3MYjh,价格,0,,无论如何，我不建议你买这种小众的进口产品，这个外观，这个内饰，这个尺寸，能用的配置的价格去到小三十万了，没有必要！    
SDKT7uqyZBLV5cMt,价格,0,,改原车一键启动键一直都可以啊，只是价格都不便宜，就怕出现电脑故障。
td5LqgfD2sWUjPTY,价格,0,,不要跟国产比价格。进口都这样    
bMZLdocNjy9zhtUV,价格,0,,这价格看不懂，前后桥油980？是指前差后差油吗？这也贵得太离谱了；四滤，机油滤、空气滤、空调滤，还有一个是哪个？怎么算也要不到900吧？你应该是看了外面的两根皮带，正时皮带要拆开正时盖才能看到？其实，正时皮带根本看不出什么问题的，到十万就必须换了，见过几台车没及时换正时套件导致顶缸的，好吓人。   
29zOhgdxb5Ry3irG,价格,0,,1、6000多包括隔音吗？整车隔音效果更好。 2、整套漫步者包括低音炮吗？低音炮带功放吗？如果低音太突出，高音就弱了。都是比较惹的祸 3、音响改了多长时间了？这个价位的音响耐听度不够，三个月就感觉欠了点什么，或许就是不咋地的感觉吧。我也有类似感觉，然后整套喇叭升级了。用过的喇叭音响改装店回收，只要补差价即可。
trkwUxXBOTW8scKv,价格,0,,是的优惠后价格24.98万元，另外还有具体贴膜，脚垫，底盘装甲，另另外还有具体的现金上的优惠，要的私信我
MrigDFAYRsEfINkq,价格,0,,如果是展厅车，从心里感觉不舒服，毕竟汽车就像自己的小情人。如果觉得价格和优惠可接受，要问清终身免费保养包括哪些东西？用什么材料如机油品牌等，否则给你用最差的，还不如不送。
CtOKSDwIzyrehEci,价格,0,,那个智能系统，4s店，报价4000。可是感觉，水份很大。现金优惠很大，又那么多赠品，主要还终身保养，心里有点不踏实。怕车子有问题。    
3pjICsZE4KXyHYA8,价格,0,,价格够低的。楼主小心被车贩子捡漏
PRzBNSQ0WvlJXjcG,价格,0,,XT的价格虚高，所以销售量也很少，不是主力车型，无ES版很正常。    
cRefvwSOFjd2pMCl,价格,0,,es版无优惠性价比低，增加那点配置与优惠2万相比不划算，而且驾驶最关键还是在人。
0VapY68qAvofEUgt,价格,0,,2.5尊贵老款优惠1.8左右只要26.98，新款29.98没优惠，加上购置税保险，真的差3万多    
4EUXhTtA5Il0DPGY,价格,0,,大哥你买的时候优惠多少？现在考虑拿新款还是老款，新款看配置上有随动转向大灯，自动灯光系统，还有侧方监测，和多功能显示器，价格不知道会不会加价，报价是原来的价格。2.0的。    
pwiRFTLHz7r5JNWu,价格,0,,给一个合理价格，我有车   
QgBLtMbjoW5zqFwV,价格,0,,价格16.8，小刀，让个路费什么的，大刀，记者勿扰！
N9h6FfCaZiQImWgE,价格,0,,优惠价是多少，分享出来一下。实体店还是X宝。包安装不？
S9bdvzojeuU1VILW,价格,1,,老款应该增大优惠力度，否则哪那么容易清
SlMeUu5ivcAJqVX0,价格,1,,我上次保养 是变速箱油 刹车油 机油机滤 合计1980元 你自己算 刹车油比较贵 银川斯巴鲁做的 你要不信你去问！不要说什么一个变速箱油2800！我认为你在撒谎！   
NGyshKCTUfntF4E2,价格,0,,全球化采购的后果 日本本土的价格贵 成本高 低成本的泰国货 虽然降低成本 但声誉也一起降低了    
p8KlrEFaMN7kw49d,价格,0,,性价比高，轮圈大一寸，带装逼换档拨片，前脸好看，这些功能1W是搞不到的，没追求还是买豪华吧，当然，再没追求建议买其它车！望采纳    
DJtXGd9TIj7oHZhi,价格,0,,16款也多加啊？估计四儿子故意搞到烧机油，好挣大修发动机的钱。
JXZdzFwTgAECRc2l,价格,1,,车不错，价格再靠谱点就好了
SQZWNRE3eVJkjPf7,价格,0,,直接买 价格车况好的话13以内都没问题
ORvSEao5Dd2JLYAl,价格,0,,森就是好开，小众，能接受就买。考虑配置性价比，还是算了。
yuMwv8A4I7NPOcJD,价格,0,,去看看国产法式豪华DS的维修价格吧！
jTa6KoI1ymA2HekJ,价格,0,,正常16左右行情价，18估计难！2.5T版本也就比2.5版本多卖个三万块钱，其实对于当年新车价格来说，的确亏得厉害。。。
cJYGbOXIMWZxCw5U,价格,1,,不到19万 这价格无敌了
TaxO205pDtulHG9i,价格,0,,关心价格一般还不是车主，最多准车主而已，真正的车主再谈价格还有意义吗？比如我四川优惠五千，你北方优惠一万，我犯的着成天纠结吗？
3dOu6RFEPH7UKp5w,价格,0,,这个价格不错，其他地区的车友可以参考一下
6RcohtkEwFMg3Zx5,价格,1,,价格最低多少？非常有意
ayLZMdpuOilGv6qF,价格,-1,,保养价格一般，维修价格比同级别贵很多。
fVaR2Yew87udU31W,价格,0,,多少钱啊？近期准备换导航
xtAqpUcvazf6QDko,价格,0,,买当时多少公里？价格够可以的了
yFujWkExlsQTwAYL,价格,0,,你用金美孚1号的话，有什么改善么.金美孚不便宜，如果还是5000保养的话，价格上反而支出更多。
uj09ckHdrbI2gDXw,价格,0,,大神，我的小森是16款的，17年3月产的车，我不小心把导航卡格式化了，去4s店问过了，说要600块钱从厂家重新提卡，有别的处理方式嘛
ezdC0rVQ9ExoZ7OW,价格,0,,感觉配件价格一般，稍微贵一点。但也比奥迪便宜。而且只要不乱改，没碰撞，一般也坏不了。再说，还有保保险公司呢
Nk2DL9OcyhegrEid,价格,0,,嗯，就是问问发动机容易坏吗？易损件的价格怎么样？
GFqcbBlxWdEOZ98U,价格,0,,是不是就是价格es和日间行车灯？ 外观内饰变吗/
6YOgDZisAcz4B8Kb,价格,0,,可迪亚克就算了吧，试驾过操控一般，内饰也很一般。森林人如果上新款，特别是加鹰眼的话，价格只高不低
RfchnPL26rEYqU9d,价格,0,,我也看中了这款，价格300多文犹豫了很久
Np8JIeV0kgx6yHjU,价格,0,,森林人性能好，车好看，又省钱，当然是适合于我们这一些初创业者。
JhjbDXaK5oAVzUwN,价格,0,,肯定会有一些优惠，但不会价格大跳水，因为新款出来之前厂家就会控制产量了。
hQpxuaeL51if34Ss,价格,0,,新森只有价格上做文章了 不然会死的很难看   
przyuJL82c1GfBAv,价格,0,,裸车优惠了多少？落地多少？
YsgwXUIHZAQ0upVR,价格,0,,不用说！这个价位就森林人、超级维特拉是全时四驱！比欧蓝德的四驱强多了！欧蓝德顶配就多了一个类似于加了个前锁！    
SKFUxA7dVENw1ot8,价格,0,,森林人现在优惠很大，盼着在便宜点
Nn7xR5CtmZk3Bfuy,价格,0,,前轮换的菲罗多，不错，无噪音。后轮本来还是换菲罗多，可惜涨价了！最后，换的佐佐木
6uOk5U3st7ezNhbE,价格,0,,朋友 你哪个诚市优惠1.8W 我宁波    
OnaeE0m3Ho4hPBG9,价格,0,,新款和旧款的变化不是很大，至少从悬挂结构，发动机，变速箱等大件来看，没什么大变化。进口车降税最快也要国庆节左右才能出来，而且新款没有优惠，我觉得还是旧款性价比高点。
tEwq3kU6yNp4AHMj,价格,0,,上上个月去问已经优惠1w了，前几天有个兄弟不是发帖说优惠1.8w么？
lgWB1GQPU2LtCbIO,价格,0,,小保养700左右，大保养1000不到，森林人保养间隔短，5000公里就要保养。19款肯定比现款的性价比要高，因为10月份关税要下降，但是新车优惠基本不用考虑，所以如何决定还要看楼主自己的决定。
k3jfLWGU7ZvHeYgr,价格,0,,我也才定过，优惠两万，和你同款的，送前后防撞护板，两侧脚踏板，后尾翼，底部装甲还有两次保养～
64RkNdunL9TrUSQy,价格,0,,套路太深，兄弟，我的优惠八千，加了个车友群才知道外地优惠力度这么大……优惠将近三万     
6huJNeXjFqAyTPdQ,价格,0,,2.0高配的优惠多少？你是在无锡哪一家订的？    
1roZPfezp2xJIDGi,价格,0,,我准备等到新款rav4双擎和换代后的卡罗拉双擎上市后里面选择一个再换车，现款的汉兰达虽然保值率高，但油耗以及油品需求都不低，而且还要加价，应对2020年我朝普及乙醇油，我感觉汉兰达用不长久，不适合自己对下一辆车经济性的诉求，新一代rav4和卡罗拉双擎取决那时候两新车的完成度（质量可靠度当先、功能性次之）    
k8rL1RFvXEVwINMH,价格,0,,你平常用的机油是什么类型的，如果是便宜的矿物油那么发动机的声音肯定是要大些的，可以换成全合成的试下。
av18RgOi9q3zLJZB,价格,0,,我觉得2.0的买最高配，2.5的可以选择不上eyesight的，觉得有用也可以上，再往高就是钱了
vkDGIoJ8TZNdw1B4,价格,0,,我之前选车，感觉其他日系SUV要是全时四驱加上这些辅助件齐全，排量1.3—1.5之间的比森林人便宜，但是2.0以上排量的和森林人的价格差不多了，有的还略高一些，这有个同级别比较，才能看出性价比的关系，而且操控没有森林人好。    
6b1yQrFJhdi2aZso,价格,0,,2.5排量的话价格合适，但是车况和里程就要你自己掌握。
G06n5apCJTUyW7dh,价格,0,,呵呵，2.5豪华有一款加了鹰眼，和普通2.5豪华价格差1.3
xITUtjneCiDaK4r0,价格,0,,关键是什么价格间的对比？
ajkbZcriRmB6otJ9,价格,0,,安索就算了吧！我之前用过两次，价格贵，性能差，深踩油门时要它的老命似的！嘶吼？
0zvVXq62e1A9ib4W,价格,1,,我就需要操控好点，价格便宜，烂路也能走的即可.120转弯
bknrC4PKsLwvtMVl,价格,0,,价格给你便宜了，新车还加了价你一来一回不少钱。
e2maqIsDiCNpbUyX,价格,0,,还有，人家红外激光雷达价格随便都是毫米波雷达的几十倍，结果你还说什么几乎忽略不计！看样子你家的毫米波雷达都是清朝祖传下来的，都卖成古董价了……
xlCcQsGXBZd3hR91,价格,0,,哈哈Q5现在优惠力度很大，价格差不多所以纠结。
EfgDJMeVjAR2Oani,价格,0,,两部车价格差好多，一个是低调实用主意。一个是高调的小奢豪华车。看你怎么用吧
oHCUun6B7GvL8WlI,价格,0,,2.5的确好很多 妹妹市区经常开 就建议2.0 贵州也是山区 动力大肯定好 也有乐趣 我油耗目前7.4 1W公里
lTwuRqjUV0eOyCdc,价格,0,,我想应该不是价格问题，能上带套的都不在乎，应该是与发动机的配合度问题。反正我还没能带上套
ZFDQvjqLe042yWr8,价格,0,,其实没必要花钱再搞喇叭，原车不好是因为配的导航不好，除非你是发烧友，不然你叫4儿子把原车的cd给回你换上去。你就发现你的5000大洋花得没必要了。
ZxIysR3VwmEXitzo,价格,0,,淘宝很多型号啊，搜索森林人，导航，即可，多对比几家，看看评价
5nximF6XTzfJZa4A,价格,0,,怎么没等过两天的2018款？价格不变多es啊
b4AXUmFtI69dREae,价格,0,,没必要，2.5低配就行了，价格可谈
lSQtCEDvrhdxG5LU,价格,0,,楼主估计也就值个七八万，因为这车后期的保养费用确实太高了，而且油耗也没有什么优势，大家买这个车就不如买个省油耐用一点的丰田车了
kGE5UO3MHwJFQ9Yf,价格,-1,,送的东西不考虑的话，因为送的东西也不值多少钱，店里给你的价格只要是比厂家指导价优惠的话应该还可以
hbjHsBtwcPqa0CJ3,价格,0,,官方北京价格小保600左右
DWyohezJr0CQONqt,价格,0,,是啊，五千公里一次。我这就是4s店啊，看我名字就懂了，不是在外面维修厂，都是用斯巴鲁自己的机油，如果用其他牌子更贵的机油另外计价格
rytcHs5GMUWREKfj,价格,0,,森林人外观内饰都不如刚出的杠5吧，保值率的低下导致买二手车不错，水平对置发动机的后续维护也和你要的省钱省心背道而驰。逼格方面只要不上到bba，哪来的逼格？
gHiD3zTUrPCd5FWs,价格,0,,没图片没价格，谁搭理你
IBwacFpzU3vL15EJ,价格,-1,,保养不贵，操控不错在suv里，你可以试驾，但是空间没有汉兰达大，没有他气派大气，斯巴鲁是低调的车。装逼勿选，优势就是四驱安全一点
VoijeQ4huWkB0ZlL,价格,1,,北京石景山古城的那个店，丰台有一个也这个价格！置换还有4千补贴。车友们你们的车现在启动声音大吗？
QWD8lycXxm3SKe4z,价格,0,,这个公里数，价格应该在16万吧
cDQiy0dnrVfx3MWl,价格,0,,20大几万的车，保养和同价格的车基本上差不多，不贵。
073DfApbZlcJ1tWE,价格,0,,我的就换成獠牙前杠了！出了事故对方全责然后让4S直接换的獠牙，价格是一样的，只不过雾灯罩要另外加钱换，一个131！
g2vFMCd1N4i97KUQ,价格,0,,斯巴鲁这配置和价格确实不是很合算
TcdzWbYEAqNIiPyp,价格,0,,卖肯定没问题，只是价格问题
nlf4epZz7URcOWjT,价格,0,,这个我不懂，你对比一下各二手车网站价格及论坛车友出价吧，2.0现在我估计十万以上吧，好车况11左右吧
9FVrmxcqvdC4pnzf,价格,0,,我也想收一台森林人。楼主我也在义乌。你那车什么价格。年份。公里数。哪里看车
OvSEW15GR9L2TYpC,价格,0,,价格应该差不多！只是返点上可能有出入
LU9S1nwJeQicBPFH,价格,1,,680你还觉得便宜？只能说这些年国行机油价格太离谱了，让你觉得机油是很高大上的东西。去美国亚马逊看下机油价格能吓尿你
nWp4U7IiXA6PrQmC,价格,0,,那估计就是官方特装版了，这个优惠还可以了，当然越多越好。    
OT4cMNr6vXoZKSCn,价格,0,,问过了，想再问问大家有没有更大的优惠幅度    
WQ8e0VLzm1Nck3jt,价格,0,,常熟2.5尊导优惠1w5啊 送4年免费保养
5jCfSe8z9wo1sU6i,价格,0,,我的就只优惠五千送6000礼包，没其他了    
Q8yxEWpPwmJtscbn,价格,0,,优惠幅度有点大呀，羡慕
YPyQjeoxu0N5AaqV,价格,1,,我这个是才出来的2016款2.5的豪华特装，只比顶配少了尾翼，价格便宜很多，配置也齐全。   
lctobe5GjuBCxy4p,价格,0,,我刚刚入手2.5尊贵很满意，开着舒服，油耗很省，跟我1.6马3差不多。
G8hZaqu15NQ2zsJn,价格,0,,车价7.6，修车2万差不多。另外里程表肯定动过，9年11万，除非家里有其他车，我上班1.5公里，平时市区办事（县城，方圆不到10），一年2万公里呢
fAhkYX2HCdLWejRb,价格,0,,跑高速那就有点高了，可能是显示不准吧，可能你加满油并没有加很满，刚刚到最满那格，跑一会儿自然就跳掉一格了，反正你邮箱空了试试200块钱可以跑多少公里，就知道到底是油耗有问题还是只是电脑显示有问题了    
KMZARaNglYCsJ0jo,价格,0,,首先换车退款可以商量，不给商量就走法律渠道维权。让他修复后这个终身保养可以考虑，但是要签协议列免费保养项目清单，让斯巴鲁盖章相关责任人签字认可。或者给便宜点钱提车，价格3W起。
h8Lau6KWxfmIOPj7,价格,0,,你定的啥版本啊，有优惠吗？   
4grifhEPpnxc0WS3,价格,0,,斯巴鲁玩混动，用丰田技术？没技术优势、没价格优势。    
TmBDYCLkqhX68ysv,价格,0,,壳牌0W20，效果和价格都很好。    
lQEBMIFYh3W2ZRda,价格,0,,贵州贵阳优惠1万，落地价264800元。
eBAOK0iL9kRTu3X7,价格,0,,是的，经典的二代无框森林人！如果是二代森你这个价格还是很合理的！   
wEgZ92N4b6AMOkxS,价格,-1,,先买一个1万左右的二手车，捷达、伊兰特，练练手，再买吧，到时候玩意还想买森林人都有新一代上市了，说不定就是六速手自一体的了，还降价啦。否则买什么都可惜了
BnVNYmgcslkfGDSe,价格,0,,不贵，斯巴鲁优惠本来就不是很大的。
Njqb59iEroQOJ0CX,价格,-1,,怠速抖动有一点 噪音不算大 crv隔音也没好到哪去 crv和森设计上是同一等级的车 但是合资和全进口全看你个人看法了 进口车高关税 合资车质量打折扣 这种只能自己衡量了
JYBR31ezsQObFVa0,价格,0,,你是那边区县的 哥们，你走汽博提的哇？价格咋样？   
4mupsO9QdHIjAZCx,价格,0,,哪里的18款优惠5千？
PZaUybTwCt4jqsnv,价格,0,,烧机油可能和平时不关心有很大关系。但是网上查查美国市场烧机油现象也蛮多的。我朋友16款2.5尊贵还没出现这个问题。水平对置可能确实比较烧机油，大众的不是也烧么……我觉得很正常。看了那么些论坛，2.5排量的6万公里之后烧机油问题相对多些，2.0的好像真的很少
kz6lDqx7PQcRBoVv,价格,0,,刚定2.0豪华版，优惠2.1，2888送精品套餐
KzOcf2gUuVm4oIyh,价格,0,,实在贵的话就换个发动机，拆车件就可以，一万左右
CS8uaGHjZex7nqLv,价格,1,,客观的说，能增加低扭，进藏，或者经常爬山有用，但是对应这个价格，还是缺少性价比。毕竟这东西不便宜。   
xF860eoBE9tMkgcD,价格,0,,美华，据说别的地方还有优惠2万加的    
TU8qXLNScFeEGJop,价格,0,,这个价格的紧凑型SUV舒适性都差不多，森林人硬归硬，我也没觉得比CRV不舒服。当然，跟中型SUV比肯定还有点差距，我家还有个新汉兰达，乘坐舒适性相比就确实是两个档次了。
9vnib5NlZmXjGRsw,价格,0,,哥们 是哪儿的 可否透露一下优惠价格 怎么谈
sR5IdcrS47ACxgkf,价格,1,,小森没买过，别的车买过，而且不是那种100-200的，还挺贵的，但是效果真心没那么好，我觉得没那个必要，就是觉得灯光不够用，要买改灯，要么淘宝换个国产的大灯总成，效果都比这种好的多，这个东西价格不便宜，效果还不好！@别看网页宣传的视频照片，都忽悠人的！而且这个东西外面看的确很亮，但是实际从车内看效果就呵呵呵了
PfT21Y8IqGeOik6M,价格,0,,大哥吉林哪里优惠这么多，我也是吉林的。    
qYK5ZvFwyMj9HbxQ,价格,0,,2.5价格高，我开车不急，2.0长途怎么样？   
uRJFKHw50MWCgQEj,价格,0,,库存一年的车也敢买，这是多大的勇气，还是给了多动心的优惠。
8RjxP2OmA6FzaNfv,价格,0,,黑龙江大庆也没有优惠23.98，哈尔滨车展能给点小赠品
BS6GJonqAjs3i5dD,价格,0,,那家店，我问了好几家都没优惠。    
WzG1hoF0sn4YmMNd,价格,0,,丰台那个和北七家都答应优惠一万 都首付五十 贷款两年免息 多磨磨 丰台加四千多免费终身机油    
Syba49BXGKAj5E2J,价格,0,,汉兰达最大卖点就是空间，但他就是长得像SUV的MPV，负责人的说他能去的地方GL8也能去，GL8不能去的地方即便是四驱的最好也别去，去了就是给自己和别人找麻烦，另外汉兰达开起来也像是一辆MPV，软软的悬挂，过弯时侧倾也比较明显，还是舒适为主，现款是双喷射的发动机，保养维护也比进气歧管喷射的要贵，最不能认的就是加价！
pz8P7vGWgAeoUbrc,价格,0,,谢谢！两个都有喜欢的地方，价格也差不太多，就是感觉森林人配置落伍了点。   
cxdNAbiwF7ar901z,价格,0,,不去了，都一样，我又选了几天车倒是发现了，之所以卖森因为不是豪品牌，不是喜欢的车标，仅仅是因为情怀和25以内没有bba可选，也不是喜欢的内饰。光有内在是打动不了我的，我知道了自己喜欢的！够了，买个思域或者福克斯代步，去挣钱了，以后换bba！    
AEJ4Rzqk8PL5bFfg,价格,0,,关键是变动多大啊，值不值等，价格贵不贵啊    
v2oQzqurO6aEdAsh,价格,0,,公路四驱差别都不大，这俩车价格差很多，看自己收入买，都不是能越野的车不要纠结四驱哪个更好！
ibSO4ogXnq0d7Tfw,价格,0,,性价比高不高还是主要看优惠价格，一般高配优惠多点，低配优惠少点，自己做对比就有答案了。
pDnAP3eMVs1j47Cb,价格,0,,这个价格还不够买真的，也只能呵呵了？这货也就两千一米，合着一个方向盘套的布钱也就200-300，YYP之前买的大概一千多，两年了量大了，也降下来了。   
5hlv1GcgFWRDLi8u,价格,0,,就是呀，觉得对不起这个价格。开着烦心    
Z7ovg4rQWNT5czpl,价格,0,,2.5豪华，该有的都有了，价格相对适中
H9Eqg04t2xn6CkJT,价格,1,,动力有没有要求？保养的话肯定汉兰达便宜实惠
iSkQ6VBe41l9s3HJ,价格,0,,这个主要看预算啊？要是给我，我肯定买高配不买低配，高配2.5落地得30多了吧，高配2.0我刚买的，落地不到27，油耗差不多，追求激烈驾驶，还是2.5吧。2.5尊贵导航版，确实不错！值得推荐！
jZTniaUmkgNuroEL,价格,0,,按说没必要，但森林人安全性能极好，整车防撞梁结实！油耗也低，成心省钱的活，细开油耗可低至6.OL及以下！
50URtN4rqHjKGT7p,价格,0,,40油进价低 卖的高 利润大 EJ用30的比较合适
8SjFg2purME4Jx0A,价格,0,,出厂时间最起码要半年以上了，价格可以便宜2万
HALEWZPmhvTzKjr8,价格,0,,有没有具体价格配置及到车时间   
mWbG5Zc1zwy6KtjV,价格,0,,13款2.5尊贵有爆震， 就是加速地盘刺拉拉或者嘎拉卡拉声音。 没管他。使劲操
AEYbGMtnhrJ76sUd,价格,0,,可以了解下马牌的LX2 SUV和MPV定位的专用胎 整体上 稍微硬些 但是胶很软挺耐老化的 可以适应一些轻微的非铺装路面 朋友介绍的 感觉用着还是很好的 比米胖子便宜不少 更主要的是不像轿车专用胎那么娇气 泥地雪地抓地力也稍微好些 噪音虽然不能同轿车胎比但是也没大的区别 不像倍耐力的蝎子胎那么极端的噪音和费油
wtoBu6QpKzlO8maL,价格,0,,说说你两次的路途中的八样价格是多少啊。贵吧
bKsdJG5Bu4QFfAEL,价格,0,,本地4s店置换车，原车主没怎么开，车总体看起来比较整，感觉森林人做工比较糙，现在要价12左右    
QZHrOlg7P4Xdy2Y3,价格,0,,噪音没办法，隔音等于白扔钱，根本没用！你换车吧
jyTlYHMnAKc4EROF,价格,-1,,保养不贵，维修贵进口车都是一样的，不过楼主如果想省心又便宜，我建议去买SUV销量前五的车型（品牌不限），如果想享受有一定的驾驶乐趣有一定的通过性，选这个车不会后悔。顺便说一下合资里面四驱的价格也都不便宜的。
beH79mYF60rqQwKW,价格,0,,现车没有，价格出来了，可以预定了，估计一个月   
ay6bwYNud4KBVJXg,价格,0,,说句不好听的，要不加预算 要不就接受，大活人都没完美的，更何况一台机械！30w预算买雷也就是es200 还得加点！品质 动力 逼格…钱到位都到位，不到位就取舍，斯巴鲁在日系里品控一般般，接近美系！
YxvTf4hr1odFwyM7,价格,0,,补充一点，我买之前也试过指南者，试驾一次就放弃了，没劲，工艺不如森林人，你看各评测的都不如森林人，四驱价格也不便宜，估计买指南者的也是抱着对JEEP的情节。
VYRCeOz63ky4UhFP,价格,0,,报个价钱！合适我要！价格微信
EnKrOoixv9Bq0b5Y,价格,0,,改双排什么价格？我常熟的.    
VL6jHoQ8ZpyIP0tn,价格,0,,这是我出去玩的照片，给你一些参考，比铺地上的强多了，隔潮，睡得爽，唯一的问题就是拆装费劲，还有价格略贵
24imyrkH9Bcu067W,价格,0,,想花钱？看我的：把你那个庞大山寨导航扔了，上某宝收一个原厂的印象换上，买一个卡仕达的云景2S车内后视镜，连电子狗、行车记录仪都省了。   
8g9n4vVqZQ6JSP5x,价格,0,,国外相当实惠，国内进口的价格太贵    
dL1EZgfl4RjkeKUh,价格,-1,,不可否认7儿子的配件都是进口的，所以贵啊，不是一般的贵，想买斯巴鲁，还是先去4儿子看看配件的价格吧，一般的收入不高，果断放弃，如果你爱折腾无所谓，他们对比的车竟然是宝马X3。一般很多配件比如三元 氧传感器 方向机 角度传感器等等一个月才有配件，让你急着用车的时候想死的心都有。
V1NSF709AmjTRPhe,价格,0,,庞大中冀斯巴鲁全国一个老板，人家是中国总代理，价格差不多
yBOG7JzfwRZxHVUo,价格,0,,优惠一万五。送了发动机护板，5年10万公里保养   
zJjMAVQLrfeUms3Y,价格,0,,早了将近四个月这个价买的豪华导航版     
3hctzfuMi9F0r17m,价格,0,,好便宜啊，这个价格只能上一间酷似狗啊   
A34yvHZGOCmtczpf,价格,0,,肯定没了。我这边四家4s我都确认过了。2.0弱混。价格可能还要比2.5乞丐指导价更高。
CkjQS5YZNHvFAXzt,价格,1,,如果没有大问题，这个价格真是值！
SUV7QinvDBPmL5OC,价格,0,,森林人全系降了1.7-1.9万不等，根据车型稍有差异 在此基础上，中晋斯巴鲁又降了1.38万，贷款再降0.8万 目前2.0豪华的价格，如果贷款裸车20.5万，等下半年改款上来这个价格估计还会进一步下探
pGEBk04J1dcLUThW,价格,0,,同问。在4s置换价格会比其它地方低吗？    
wHYay9uoQIO25Rht,价格,0,,这个在网上卖，有很多的，只要相互匹配的车型的话，只要价格买高一点，应该质量不会差到哪里去。
JEpFPS0tBo5O8hxu,价格,0,,优惠多少钱亲？导航应该是在国内港口加装的
reyUlXwx6YZHf2Nc,价格,0,,汽车之家网站看看价格和车主的口碑，电话咨询各经销商优惠力度和礼包，具体细节需要到店协商
um2A5EVOerPf1ZKS,价格,0,,2.5森挺合适的，我也不是一咬牙上2.5了。当时也在纠结这个问题，发动机是不能换的。就2万块钱差价，少抽几包烟。现在开了2万多公里 油耗也不错总里程油耗7.6。也不少机油。没人会嫌车动力过剩了。有更好的动力超车都安全的多。
7KRGZL60qn39dMXN,价格,0,,22万，你真搞笑我连车碰都没碰到过，就让我我贴两万？22万你就是跑任何一家4s店都做不到这价格。    
ho6QNZl0uXev3C9q,价格,0,,表显的油耗确实比较准，长期油耗也不会偏差太多，A里程内记录每次加油的钱自己算了下和表显差不多    
0HR9mNhn3dzgXr1F,价格,0,,新款取消2.5的了，如果只想2.0就还是等吧，但我觉得2.5会好一点。等快换代时价格应该会好点。    
3oqNdjLtr6HBxkKD,价格,1,,这个价格是真心便宜啊！比我谈下来的价格便宜了将近2万哦！    
sDLvXxwqMJf5jgTc,价格,0,,可以私信一下裸车价格多少吗？准备买了
uWgbGATV0jOoarDw,价格,0,,当地的汽配城专修店铺保养车辆即可，汽配城店铺是车辆专修的密集地区价格比较公道
jEpFZwbyDHo9tXkn,价格,0,,就现价来说，我愿意为多出的三万买单，毕竟，进口森林人的安全性，整体比合资好，但现问题是，庞大垄断了后期维护保养，死贵还坑，看看庞大装的中控屏就知道有多黑了，
JK1uU6QgvX7FPmeC,价格,0,,建议在开开吧，再开两年还卖你这价。一旦出了4S店门口，你的车就折价很多了。
FGRbjwZTUlkg86pQ,价格,0,,这个价位的SUV 内饰都这样 我得森 看久了也挺好的
Pzcjy48JxafdKIAV,价格,0,,如果车况不错，15万也算是正常价了，整体来说10-15万正常   
hxR9gUEeVuBHcPTk,价格,0,,钱多就是任性！4万公里只更换发动机机油就行。
rN1gsRZq98mTL2ow,价格,1,,做做工作，配件不便宜。保养没多贵。    
ZUCOEHAd1ga7LFxk,价格,0,,求定制途径，价格，刹车改装了吗？
ywJhqCI501xpn8Tu,价格,-1,,重心底的水平对置和全时四驱！  你开过就知道了！这车唯一缺点日后维护成本高！后来想想不如买台奥迪他弟。维修就便宜啦。不管啦。
yoH41Gi9Y7RXmJwK,价格,0,,买车这类车别考虑油耗，差个2毛钱一公里十万公里才多少钱？可靠性才是第一！    
ICnk96qfHQtTULAc,价格,0,,看品牌，看实物质量。不过，一般4S送的大多都是低档货，还不如直接让他折现优惠车价。
oQ49SFW7I0LybuqU,价格,0,,6.6正常价 一手车的话不要再降价了 就这个价 少了不卖 好出
fxyncAKhsDum2Oob,价格,0,,作为曾经2.5T车主 忠告 建议别买 油耗非常高 好好开 350公里灯亮 造一造 300灯亮 不提钱 自驾游的话静看你去加油站了
X8wU7Mr5kBcSDxJh,价格,0,,这车死贵，烧机油，质量差，维修贵，不过老子就是喜欢，所以就要买了！我觉得天大的面子都不如有钱任性这个面子来的爽…
O6ECF9ct4iuMlDJ2,价格,0,,但是小森的2.0t都可以买q5了。性价比太低了。感觉还是2.5尊贵好。当然追求速度还是买大马力车吧    
1HKS4tw3Z7r5Mjbd,价格,-1,,CRV不算是同价位。。。    
dRpfDLrSM0sYWvIB,价格,0,,二手车可以按平台上面的评估价来定，车况没有问题的话比上面多个几千一万的也没有关系
ioUIrmX7F4V9bClB,价格,0,,确实有松垮感。 去年底又添了个小车，c3xr，  按价格不到森林人一半，但是底盘的整体性，高速上的沉稳感，还真比森林人强。 所有日系车都有共同的基因：底盘不够整，车子有些轻飘
WPIkOoDsAQl7hiTN,价格,0,,感谢您的详细回复，我理解了，我已经摸到那个板的底部有和您这个一模一样的窟窿，我决定拆掉主机和空调面板以后从主机后方取小灯的电，您说的那个led灯，您可否给我一个链接，这个灯的价格参差不齐。十分感谢！    
VhlJyLza5ERfxDnZ,价格,0,,如果你要4驱，超控，视野，请选森林人，如果你要舒适，空间，性价比请选奇骏，看你侧重什么，我是开了一年的奇骏亏4万多卖掉换的森林人
1KRVcuea2SYEsynd,价格,0,,目前，新老1万5的优惠差肯定有。    
AcT47a1YvjXbyodn,价格,0,,感觉不好只需要支付运费给我运回来就是了，不过出了很多，都全部成交，大到轮胎，轮毂四套，小到其他都是如此，也没有不给钱的也没有退货的    
8NnaMkJhHyALDcPZ,价格,0,,方便说下城市和价格不？
8Y35jtbpHAeThg70,价格,0,,河南，刚提一个月，优惠1.98万。离的不太远可以考虑来这边看。
KfFAPD6TohrVGUSs,价格,0,,大哥，2.0的也优惠两万？    
AHrjUh6xkJ7dRcLW,价格,0,,男人就想追求完美，女人就想省钱。男女人大脑构造完全不同，预算3000就换个建武ddx6016吧，价格原厂面板900，不带导航模块的话。3000出头，用你私房钱吧领头补上。完美             
Oey5EIJUc4PQa36m,价格,0,,然后呢？北京烤鸭在美国也卖天价！又如何？所以废话少说，你觉得欧蓝德好就赶紧买欧蓝德去，在这里BB喷fen有毛线用…要知道国内国外售价配置不同的产品多去了…差个价就纠结成这样，还能活下去吗…     
R52zpKF3CkvcYhL8,价格,0,,开过森林人同价位的就不想再开其他车了
4Nx9kchmQwlHE3YI,价格,0,,CDX、森林人 价格差不多。一个是合资车一个是进口车。所以我觉得还是森林人
K3Aby8kS6urpQRYa,价格,0,,今天去4S看了看车，价格开口优惠五千，砍到最后也只给九千，还是南方优惠力度大。   
QKtFkz9vn68ErxUm,价格,0,,我这中石化优惠后5.5元不到……
FfcOkjr9XwMlZvIW,价格,0,,价格！因为森林人要想改音响的话，加上四门隔音共鸣处理，不能低于1万元，瞎闹的营生就不要干了，毕竟是30万的车啊   
VZsxWz1fbk6DLFXO,价格,0,,要看个人还是车行，跑八万买过来要做大大保健，价格有点高15以下可以出手。
xwpBL2Rf89F6qO0u,价格,0,,关键是XT的价确实有点高！    
r0XIUAqlz9aQcvYB,价格,0,,给个低价，合适就要了。   
9KQ7RiT8vdOeroHb,价格,0,,森林人是主打车型买xv还不如买价格同等轿车选择余地大的多
KBDSkAULJQ6v4WVT,价格,0,,新森刚出来说不定价格更恶心，建议汉兰达，其实高配冠道挺好的，也值得考虑。
TNP8GkgvxcYJ51dS,价格,0,,考虑森林人，你的考虑好，小毛病多，维修贵……售后的材料差，态度差，技术差……
WUMfjXzKCtP4F3qg,价格,0,,总有人拿美国斯巴鲁，crv，rav4价格说事，咋了就看不到斯巴鲁进中国还是进口货，后两个就来就是国产货呢，搞笑
AMlzYOEDGNWr4tUI,价格,0,,凯美瑞合资不是挺好么？别小看国产车，广汽丰田的品控是众多品牌中数一数二的，在全世界的丰田工厂里都是名列前茅的。我巴不得斯巴鲁国产呢，避开关税，价格最少也能下滑20%，多好。
cjeL2RdTgBrzXisv,价格,0,,掌握方法很方便拆装，两勾两卡。装的时候先勾后卡，拆的时候先拗开下面两卡位再往上一顶就出来某宝搜森林人后视镜片价格80那家好像在卖（但我没在他那里买）
4C1iftvQzxIA29g6,价格,1,,斯巴鲁特殊，找个懂行的看看吧……价格很不错
1IS5ErKoGiW4Jjls,价格,0,,我是根据保养手册在4s店换的。当时买车时送了7000保养费，所以价格也没关注。现在想想换早了
Gx5zIE8tOnUfiCYy,价格,0,,去非铺装路越野，这个是最轻的代价，刮底盘，，前、后保险杠，，哪里有点小磕碰，，刮掉点油漆，，轮胎被扎，，这些都是非铺装路面难以避免的，要爽的代价
7PYVKRsj3Ftm0Wop,价格,0,,现在用金壳020的，比原厂好多了。行货价格太太贵
ZwWhIekUOgL2TaVf,价格,0,,宁波4S的价格651
ZGnLHOQMUmTYfusI,价格,0,,自己淘了一个几十块钱，安装有点麻烦，安装费都比摄像头贵，时不时用到，我自己装了一个按钮开关，接进歌乐导航的倒车影像里。
1NxrRQWBTJFw7A2d,价格,0,,16年台风的时候被刮来的石子砸了。走的保险，4S报价材料连工时五千六百多好像
XGRehAmp9QSzZCNL,价格,0,,你怎么算出来的，国外的价格又不是不知道，现在资讯这么发达，你当别人都是你这样的山顶洞人啊
HZ1BLnSGKDtxcRP9,价格,0,,你之前开brz那么建议你还是选xt。2.5的动力有点太弱鸡了。我的2.5开了2年6万公里，现在肠子都青了。抛开品牌不谈，xt的价格确实也没有很多的性价比。三十大几万。舒适真的谈不上去试驾吧兄弟
bx87EnuPHgq0Vy6e,价格,0,,适配森林人的？私信价格？
Q0fVx2qNWLe916Pz,价格,0,,京东自营的全球购美孚，夏天5w30或40，冬天0w30，关键看价格
dHbmaZcxAgpnwETN,价格,0,,价格方面的问题你可以上车型首页的口啤里面看看，都是车主发的口啤价格可以作参考。
pLSxhPtQ4OmTDg95,价格,0,,价格有点儿偏低啊朋友。
wm62yPbD8engtuGI,价格,0,,按理 说0-2.5排量 整体价格阡7%正常   
AF0Izd3Ecfgkujy9,价格,0,,这个店还行吧，但价格蛮高
94epsj1buvW2lBIf,价格,0,,如果这次中美贸易战真的能给广大群众带来福利，也是一件利好的事，只是这个关税真的下降不知道真的能不能让车价、零配件的价格降低一些，降低多少，还是等真正公布的时候看看吧，希望是福音
c95QCaf3XKtn04VE,价格,0,,我去，岛国顶配森林人的价格太吓人了吧，在国内只能买个同级别合资乞丐，或者小一号的合资中配，不过可以买到大号天朝产豪车    
OLTDzsIkWUeYKHX3,价格,0,,顶配森林人岛国价跟主楼链接里的进口锐界海外价格差不多，估计经销商利润、经营成本和运输费之和也在5万左右，也不能让商家没利润，要不然就垮了，没人去干了。我现在在想顶配森的岛国价格、还有进口锐界海外价格跟很多合资乞丐版价格差不多，合资的利润到底是好多…………    
ZRSP1JekE783vNiw,价格,0,,坐标在哪里？跑了多少公里？价格多少？我有意
dM3i6seOI4ckbZtg,价格,0,,老款不降价，新款提高价格，国家降的税被他们吞了
I27CTamYDZ5oyX9B,价格,0,,难道楼主买车是没看配置，看名字买车？看看价格，合同有无太大出入。一般都是按合同上写的对，对不上再维权吧。
sLJc1tXdGQUeVhEf,价格,0,,2.5顶配原车价才29.98，功课没做足啊，我去买车的时候已经把销售侃晕了，每一款什么外观什么配置已经是张嘴就来了，弄的销售最后要对照配置表才敢回答我的问题，就算疯狂的喜欢一款车也不要盲目屈从啊，希望你的事情能有一个好结果
wxzmSrR20gA5kdQa,价格,-1,,这油只能双十一半价买，正价太贵。油是好油，就是动力差了点。
vlCphH36ucoXYAqw,价格,0,,跨度有点大吧！翻了一倍的价格。经济实用家庭用，新凯美瑞。商务出行且需要面子，奔驰E。低调性价比高，沃尔沃S90。
yoUEBOQszJW0KA5G,价格,0,,是的，希望价格高的再降一点    
Cme1yAS3oLdfiRBK,价格,0,,私信吧，给的价格合理也就出了，想捡便宜的请绕行，谢谢，我希望对方还是想好了价格再出价，不喜欢挤牙膏，谢谢！    
q4webEMXRSyDN5Qf,价格,0,,如果进口欧蓝德的价格降到跟广汽的一样，不知道你这句话会不会在你们论坛发    
atYuVC4do9Z3EQ2X,价格,0,,19款运动版价格会高点吧，至少算是中配，可惜预算只够2.5低配
jaihGf4Qxl9qdNry,价格,0,,价格还是很合适的，赶快入手吧
5SMgPUyoustRpH1C,价格,0,,这个价格还可以，是哪里的
k9CaQPBrpeX8bjSG,价格,0,,都写的很清楚了，森傲维修，自己开修理厂的，当然可以开的久啊，坏了自己修，成本可以低不少，保养品的货源也可以搞到价格最低的的真品，所以懂车才能买斯巴鲁，等买给了下家车主手上试试
bCx8wV5SpZDlK3Py,价格,0,,价格合适，车没有大问题，我可以考虑考虑。
jw6r9o5lKR0qmnYO,价格,0,,这价格不靠谱，要仔细看车有没有问题。
NTSwHW7RQV1bUA3m,价格,0,,你好楼主。关于价格，一个地区一个价格，甚至两个4S店的优惠都不一样。所以建议你电话咨询下4S店。
uSEYLOmivbVUT1dM,价格,0,,讲真，我也不知道2.5为啥不进入中国。可能销量占比太少吧，毕竟森林人还是2.0买的多，而且消费税率也悬殊一些。上2.0混动价格方面竞争性会更强一些。   
gwtnIS4qfW9iRvNo,价格,0,,现在关税也降了，我觉得还有下探空间，要清库存上新款了    
Ky2H3WgfdaIwrSAt,价格,0,,落地就是这个价格，北京已提车    
xehQGn9UXiu7Z28I,价格,0,,全国最低的2.0优惠是2.2万，上海可以考虑合肥提车，优惠2万
Cv9S02asNYldJ8hH,价格,0,,2.0高配27万不知优惠大不大，主要不知道新款的外观会怎样，现款的运动前杠我喜欢    
sjK5uV0zPwJMld2X,价格,0,,浪费钱的东西，这菜车开几年就卖了，不会因为你漆面保存的好就价格比人家贵个几千块的。
sN0Od9C6iDhzPrQq,价格,0,,就夏天防晒来说，贴膜肯定有效果，但前提是好膜，我前档贴的威固v70，阳光直射下用手感受能隔绝大部分热量，对视线几乎没什么影响，就是太贵了，万一玻璃破了损失就大了。
lpF1QBJRqNorkeVh,价格,0,,这的看在哪里开车，贵州、四川那样的山区是比较费刹车的，换了安全。
Mj2skhg31YLtnazp,价格,0,,森林人小保养更换机油和机油滤清器，在400元以内，维护费用不高价格关键是机油的价格差异
P7zwjrpgGSFiDA4M,价格,1,,车是好车，但价格低肯定有原因的
ZeHdSwvXkxMUFBsl,价格,0,,前后差速器油太贵太贵了， 汽油滤算上也不需要这么贵吧？机油滤才几十、空气滤和空调滤也才各几十，就算是4S的价格，这三样也就不到300，汽油滤我换过一个，不记得多少钱了，但肯定不需要600.   
aKEvnRIi9sjpV5OF,价格,0,,这个黑嘉实多你可以买京东全球购的，我已经用了近两万公里了，没问题的。而且有个车友自己用机油测试机器测试过了，这个油指数基本都符合指标，真油。我以前一直用安签名版，太贵，没意思
8NX1aUQcJb7w4nHf,价格,0,,曼牌空气滤有人说比原厂小，我仔细观察完全能盖严实，型号c2201没问题。机油滤是曼牌的，最新型号6019还是比较好的，某东营89.9元，我用了两个了。博世的空调滤价格比曼实惠的多，用上去也不错，是活性炭的。   
TCtMvskX4U53FR6n,价格,0,,讲真，XC60看了 现在优惠下来和2T森差不多 产品力真没觉得比森好    
ZwDJI2ExNGAMqT6a,价格,0,,淘宝有卖的，价格不贵运费贵，去4那买点，2元一个
cYOzKSreBUWy8ZCp,价格,0,,4S店换LED大灯价格吓死你，估计12000 还不如装海拉5或6的5000够了！！
X7Dmi6pBvyNF5bjH,价格,0,,我这里预存了三千，三年后返还，每年三次保养免费换机油机滤什么的，前几天从青海回来后做了次五万公里的保养，没有费用。感觉还可以吧
3ya5ghm4wi9xcjTe,价格,0,,等月底新款出来以后，现款优惠会更多，先别出手
rRKxz0l5Jqo42GF7,价格,0,,我第二年比较了4S的和自己外面问的价格，同样的项目比4S少了1000左右，还多送了一个抱枕，一套工具箱，一个车载冰箱！
pmNyoGrdC1KhVlIA,价格,0,,新款还是这个优惠价 说没优惠就是噱头 又没什么大改 就加了es   
t4YZpKuxUPTziljS,价格,0,,2万多？优惠的价格还是优惠完的价格？都挺猛的，可以下手了！
CMyhi0xvJV97RXZY,价格,0,,不是都这样，便宜的日本车才这样。不说雷车那一层次，就看国产的冠道就可以了，包括底盘的平整度，隔音等等还是钱没到。   
FmEnshzT3UoO9tpc,价格,0,,是国内后加的，加个360影像，自动升窗，前顶吧，刹车顶，加价1万。
wkjKsHS6l84xU7cZ,价格,1,,今天去光盘了，200块，回来一路猛操，异响没有了，也没原来的拖刹感了，就是盘很烫，可能是刚才猛操的原因。总体感觉可以，再观察一段时间，要是不行，就换前轴承（可能是发烫的原因）和换刹车盘，看了网上的，200多一个不贵。
kcIlN4O5yfJvtuGa,价格,0,,我也有强迫症，我就老是感觉我的方向盘不正，哈哈哈，没事就去做个四轮定位什么的。最好发现是我的感觉出了问题！祝你早日加入森林人大家庭。这车就是价格贵了点，谁让人家是纯进口呢，给国家交了多少的税啊，我们是真爱国啊    
1zkIPQn47Hm2gL3O,价格,0,,雷克萨斯570卖146.9万 但是这个价格就是买不到 需要加价15万到20万不等才能提车   
2w1orQ7IHc9piAuV,价格,0,,我是不准备等新平台了，但我们这里优惠才一万，改款后配置增加我感觉比优惠合适，现在就等改款实车到店了。    
rJbkSWvNsAdq5uY0,价格,0,,200t的价格比森林人高多了，没法比较吧…雷车豪华舒适，但论性能。森林人绝对不比它差。
iJDBmlQzdhKw7jYg,价格,0,,后视镜外壳某宝有买，为铝材质电镀，颜色可以后喷漆，价格便宜。   
LjrFIVgQ5TDaWwd8,价格,0,,新款2.0豪华提升比较多，老款优惠1万比较尴尬，不急用车的话，建议你年底冲量时购入新款。
eCRVcP7qzTEwsY6m,价格,0,,代理的价格吧。我朋友参加美孚年会的价格5升一桶0W-40的300
mwgrVdS0lceuPjH1,价格,0,,基础价18w，如果没有异响，再加2w，凡是卖斯巴鲁的90%是因为异响和噪音，受不了了才卖的，这车如果没有异响，很少会有人卖。
dloSVE124GTviNPL,价格,0,,说实话旗舰店4L500出头就是没有性价比了，更别说平时标价，纯粹是宰客，所以要买除非有更低的价格。
zfu0NKtCVvXrDeUi,价格,0,,这个价格还可以，尾翼大概成本500，前后护杠成本600左右，侧踏板成本最多800
EBh3kYb5eanuLqw7,价格,0,,TB有，如果怕假货，可以买旗舰店的，价格略高。
0hcGSNLWQne3kuqE,价格,0,,先去4S店叫他们检测，判断故障原因，看价格合不合适再决定修不修呗。
blzhHtvQLcxIyfod,价格,0,,其他不做评价，但一直觉得指南者的外观，是这个级别里最漂亮的，没有之一
Hv6EBj8tTAZphROb,价格,0,,哥们，裸车优惠了多少？
OG8z3WDXMeFRfYnr,价格,0,,斯巴鲁本来优惠幅度就不大    
bQIGj73D4BXPpCdy,价格,0,,保险全保，只打九点五折，车行可抽好几千块，贷15W三年利息也要一万多，再加2000手续费，实则贵不少    
kQKoDcN2pVsHnRvX,价格,0,,这价格不错了，我是春节前在西安提的2.5同款，优惠三千，啥也没送。
6cLXpr1xS2AKefTv,价格,0,,楼主优惠多少？我准备去滨江的4s看看
rTEKoLtW9vp3qVNM,价格,0,,我也是2.5豪华es，优惠现金1.5w 1500现金券    
ycZd3HgBt5wpGjkK,价格,0,,全款2.0高配裸车优惠多少    
OiMa4ugEcIYNsZ3Q,价格,0,,我已经在合肥这边定了，没有盐城那么大的优惠    
MR3lsLjIOEXeU2AD,价格,0,,罗锅上山坡----前（钱）紧，就买了低配2.5的了。   
q9uHxmI2frz8sX1C,价格,0,,一分钱一分货，不要买太便宜的，记住！！！我的教训，买了某配件大牌，不到200元一副的刹车片，装车时，修车店的师傅就说这玩意不行，能看得见的金属微粒，用了以后肯定刮盘，后来真的就是这样。我不是做广告的，也不是骂人的，那师傅说的应该还是对的，要买那种专业做刹车片的品牌，而不是什么都做的品牌。
ZwYtW93KxgOFi8D2,价格,0,,好车，就是没有什么性价比，但我喜欢！两个人，2.5排量，经常跑这样
af8n9cRIS4Vq0jmH,价格,0,,我开沃尔沃，想再买辆小的SUV。XV大小合适，顶配ES安全配置和沃尔沃相当了，就是质感差点。森林人最低配，做进去的视野很舒服，可惜ES就贵了，而且这两台车后排都没有出风口，杭州的夏天太难过了。    
WyUb7eGAJuz9Ftpc,价格,0,,日，我一直是N档点火~~~~~~~是否说明我的变速箱坏了！！！能不能换挡和岂不启动有半毛钱关系
clht2VSkB3fFrHze,价格,0,,拉到吧，你先拿出点证据证明你的雷达成本有多少钱再说吧！否则的话和放屁有什么分别？
ldRbIBz5vAqsJ4WP,价格,-1,,保养不贵，零件的价格现在相对很合理，对比进口大众要便宜。
WAFiDKqCfuP9xG7a,价格,0,,嗯嗯，不知道4s消除丢失钥匙的码需要多少钱，下次有机会去4s如果价格合理就消掉，先配一把钥匙，谢谢。
qTf2jyoJYALC5DZ9,价格,0,,阿里巴巴上有代理商在，价格比淘宝还是要便宜一些。
i7AtFZHh60kaGp3T,价格,0,,如果要静音的话你可以看看固特异御乘2代，价格要1000多元一条，安乘的500元左右也还行；也可以看看普利司通。
4Ist9FJBkGATqYjO,价格,1,,保养不贵了解清楚再说，至于维修费用不容易坏还考虑这个做什么 ，配件价格还可以就是等件时间长到是真的
ZfLWb4GQDRhgyvow,价格,1,,配件需要等，维修费用高。用买二手车的价格买个新的更好用。
HCkprjv6uWRh47sL,价格,0,,这批发动机漏油严重，抬发动机6000起步价
QYLVlAzboyFTHWuw,价格,0,,还有还有，为啥性能这么好的车，还那么便宜。在日本以及南美欧洲国家销售量那么惨淡呢？请问这是饥饿营销的一种吗？还是他们都不懂车，只有教授才是最牛逼的车神？
dkBrQ8FaUsD50qJ7,价格,-1,,价格贵 质量一般 保值率低 谨慎购买
8jgDfxBpO45FWl1m,价格,1,,看的我心潮澎湃，翻到价格立马拜拜
qCrxFMylGAKYfR8T,价格,0,,同样看中2.5豪华版ES，请问价格优惠多少？
rEG7UsMicjYIuO0H,价格,0,,本来想出手crv，感谢4s的加价行为让我躲开了刹车门、机油门，但现在不知道买什么车了
8lrYXUQIg1cFxjd7,价格,0,,五方桥这边的店比较大，准备在这边买，听说北方都是庞大垄断，价格没优惠，既然真的有优惠的地方
gDtCHTmXVEUsqiyW,价格,0,,让你选两个2.0，10款里程少不到9万，11款里程多，大概15万左右，价格一样，你选哪个？
3Zl8sQoSMrOUCyhg,价格,0,,这个价格很诱惑，具体看车况给价格
DIjbzLMF2vgEsxti,价格,0,,考虑了一下我还是决定丰田，斯巴鲁的价格还是高了一些（相比日本），保养也贵，而且在我这个城市没有四儿子店也不方便
j2bY7lqSH3PawNn5,价格,0,,小保养6684儿子价格
ouMTnWL81gZemPi9,价格,0,,我昨天也是试驾了2.5顶配，刹车是软……我还有个很不满意的是，喇叭太秀气啦……估计买回来得改……楼主提的什么价？
m1rOC6jMweNH2Q9J,价格,0,,对一分钱一分货。换位思考人车好好的可能特便宜卖你吗。二手车最忌讳贪便宜。正经车商的车都是有一个市场定价的。低于市场价格肯定有问题。
IoKEnR3JdXu0gG4h,价格,0,,我觉得斯巴鲁的CVT比奥迪的CVT还要好，新XV上的CVT更猛。已经习惯了CVT持续加速感后，会觉得AT的加速感很廉价。AT么就换挡的时候猛一点……
